id,latitude,longitude
16756,28.606579,77.217119
21518,28.606875,77.203643
24809,28.608294,77.206944
23584,28.608989,77.208967
28302,28.609409,77.205152
123438,28.609522,77.208785
30135,28.610756,77.200875
20797,28.611014,77.212244
21185,28.613317,77.219192
123880,28.613930,77.208828
123901,28.613930,77.208828
123934,28.613930,77.208828
123939,28.613930,77.208828
123965,28.613930,77.208828
123973,28.613930,77.208828
123974,28.613930,77.208828
123975,28.613930,77.208828
123983,28.613930,77.208828
124000,28.613930,77.208828
124046,28.613930,77.208828
124047,28.613930,77.208828
124048,28.613930,77.208828
124107,28.613930,77.208828
124108,28.613930,77.208828
124109,28.613930,77.208828
124110,28.613930,77.208828
124111,28.613930,77.208828
124113,28.613930,77.208828
124114,28.613930,77.208828
124116,28.613930,77.208828
124117,28.613930,77.208828
124118,28.613930,77.208828
124119,28.613930,77.208828
124120,28.613930,77.208828
124121,28.613930,77.208828
124122,28.613930,77.208828
124123,28.613930,77.208828
124125,28.613930,77.208828
124160,28.613930,77.208828
124161,28.613930,77.208828
124186,28.613930,77.208828
124187,28.613930,77.208828
124188,28.613930,77.208828
124195,28.613930,77.208828
124196,28.613930,77.208828
124197,28.613930,77.208828
124198,28.613930,77.208828
124199,28.613930,77.208828
124388,28.613930,77.208828
124397,28.613930,77.208828
124398,28.613930,77.208828
124399,28.613930,77.208828
124400,28.613930,77.208828
124401,28.613930,77.208828
124402,28.613930,77.208828
124403,28.613930,77.208828
124416,28.613930,77.208828
124417,28.613930,77.208828
124419,28.613930,77.208828
124420,28.613930,77.208828
124421,28.613930,77.208828
124422,28.613930,77.208828
124423,28.613930,77.208828
124424,28.613930,77.208828
124425,28.613930,77.208828
124426,28.613930,77.208828
124427,28.613930,77.208828
124428,28.613930,77.208828
124429,28.613930,77.208828
124430,28.613930,77.208828
124441,28.613930,77.208828
124442,28.613930,77.208828
124443,28.613930,77.208828
124444,28.613930,77.208828
124445,28.613930,77.208828
124446,28.613930,77.208828
124447,28.613930,77.208828
124448,28.613930,77.208828
124450,28.613930,77.208828
124451,28.613930,77.208828
124453,28.613930,77.208828
124454,28.613930,77.208828
124455,28.613930,77.208828
124456,28.613930,77.208828
124458,28.613930,77.208828
124459,28.613930,77.208828
124461,28.613930,77.208828
124462,28.613930,77.208828
125346,28.613937,77.209069
15966,28.613939,77.209021
16002,28.613939,77.209021
16008,28.613939,77.209021
16009,28.613939,77.209021
16010,28.613939,77.209021
16011,28.613939,77.209021
16012,28.613939,77.209021
16013,28.613939,77.209021
16014,28.613939,77.209021
16015,28.613939,77.209021
16016,28.613939,77.209021
16106,28.613939,77.209021
16526,28.613939,77.209021
16634,28.613939,77.209021
16685,28.613939,77.209021
17611,28.613939,77.209021
20230,28.613939,77.209021
20558,28.613939,77.209021
20752,28.613939,77.209021
20924,28.613939,77.209021
21156,28.613939,77.209021
21371,28.613939,77.209021
22132,28.613939,77.209021
23556,28.613939,77.209021
23563,28.613939,77.209021
23564,28.613939,77.209021
23566,28.613939,77.209021
23567,28.613939,77.209021
23568,28.613939,77.209021
23573,28.613939,77.209021
23606,28.613939,77.209021
23607,28.613939,77.209021
23608,28.613939,77.209021
23610,28.613939,77.209021
23674,28.613939,77.209021
23979,28.613939,77.209021
24008,28.613939,77.209021
24485,28.613939,77.209021
24488,28.613939,77.209021
24570,28.613939,77.209021
24623,28.613939,77.209021
24632,28.613939,77.209021
24637,28.613939,77.209021
24641,28.613939,77.209021
24773,28.613939,77.209021
24783,28.613939,77.209021
25177,28.613939,77.209021
25294,28.613939,77.209021
25341,28.613939,77.209021
25704,28.613939,77.209021
25901,28.613939,77.209021
25903,28.613939,77.209021
25970,28.613939,77.209021
26257,28.613939,77.209021
26263,28.613939,77.209021
26417,28.613939,77.209021
26598,28.613939,77.209021
26849,28.613939,77.209021
26891,28.613939,77.209021
27193,28.613939,77.209021
27195,28.613939,77.209021
27197,28.613939,77.209021
27198,28.613939,77.209021
27483,28.613939,77.209021
27588,28.613939,77.209021
27589,28.613939,77.209021
27647,28.613939,77.209021
27726,28.613939,77.209021
27727,28.613939,77.209021
28137,28.613939,77.209021
28219,28.613939,77.209021
28362,28.613939,77.209021
28456,28.613939,77.209021
28459,28.613939,77.209021
28508,28.613939,77.209021
28510,28.613939,77.209021
28856,28.613939,77.209021
28859,28.613939,77.209021
28868,28.613939,77.209021
28870,28.613939,77.209021
28874,28.613939,77.209021
28897,28.613939,77.209021
28914,28.613939,77.209021
28915,28.613939,77.209021
28920,28.613939,77.209021
28923,28.613939,77.209021
28924,28.613939,77.209021
28941,28.613939,77.209021
28942,28.613939,77.209021
28944,28.613939,77.209021
28954,28.613939,77.209021
28955,28.613939,77.209021
28983,28.613939,77.209021
28987,28.613939,77.209021
29011,28.613939,77.209021
29014,28.613939,77.209021
29024,28.613939,77.209021
29043,28.613939,77.209021
29065,28.613939,77.209021
29069,28.613939,77.209021
29418,28.613939,77.209021
29717,28.613939,77.209021
32907,28.613939,77.209021
33219,28.613939,77.209021
33620,28.613939,77.209021
35870,28.613939,77.209021
36008,28.613939,77.209021
36274,28.613939,77.209021
36584,28.613939,77.209021
36764,28.613939,77.209021
37481,28.613939,77.209021
38807,28.613939,77.209021
40183,28.613939,77.209021
41636,28.613939,77.209021
41697,28.613939,77.209021
42579,28.613939,77.209021
42650,28.613939,77.209021
42668,28.613939,77.209021
42672,28.613939,77.209021
45591,28.613939,77.209021
45967,28.613939,77.209021
45970,28.613939,77.209021
45971,28.613939,77.209021
48138,28.613939,77.209021
48413,28.613939,77.209021
48840,28.613939,77.209021
49011,28.613939,77.209021
50566,28.613939,77.209021
50726,28.613939,77.209021
51407,28.613939,77.209021
51492,28.613939,77.209021
52650,28.613939,77.209021
53158,28.613939,77.209021
53549,28.613939,77.209021
54690,28.613939,77.209021
54692,28.613939,77.209021
54727,28.613939,77.209021
54852,28.613939,77.209021
54854,28.613939,77.209021
55491,28.613939,77.209021
58147,28.613939,77.209021
58305,28.613939,77.209021
48851,28.613975,77.219204
130399,28.614078,77.205359
21150,28.614137,77.209107
28305,28.614847,77.204873
41511,28.615112,77.212521
29787,28.615155,77.212278
20490,28.615182,77.212540
15311,28.615184,77.211969
16556,28.615184,77.211969
16673,28.615184,77.211969
21423,28.615214,77.211978
21726,28.615220,77.211939
25550,28.615386,77.211345
130356,28.616391,77.215025
22133,28.617857,77.207219
21215,28.617974,77.215613
132125,28.618841,77.218283
51014,28.619926,77.203868
20139,28.600044,77.226443
15409,28.600091,77.227042
16695,28.600091,77.227042
54663,28.600091,77.227043
26765,28.600155,77.226959
28671,28.600155,77.226959
28675,28.600155,77.226959
29522,28.600155,77.226959
32357,28.600155,77.226959
42406,28.600155,77.226959
42408,28.600155,77.226959
43270,28.600155,77.226959
48415,28.600155,77.226959
130374,28.600155,77.226959
132109,28.600155,77.226959
11945,28.602303,77.225786
26020,28.602689,77.228126
16639,28.605974,77.230456
15579,28.609833,77.236348
15670,28.609833,77.236348
15939,28.609833,77.236348
16743,28.609833,77.236348
30136,28.611089,77.234518
130329,28.611089,77.234518
13899,28.612912,77.229510
15585,28.612912,77.229510
21807,28.612912,77.229510
23854,28.612912,77.229510
24470,28.612912,77.229510
26826,28.612912,77.229510
35781,28.612912,77.229510
41693,28.612912,77.229510
46641,28.612912,77.229510
12203,28.612987,77.229514
12376,28.612987,77.229514
12772,28.612987,77.229514
14793,28.615351,77.236860
16101,28.615351,77.236860
47105,28.619969,77.223511
28578,28.620954,77.217941
43219,28.620954,77.217941
46117,28.621679,77.216934
31800,28.621872,77.203579
42833,28.621872,77.215626
130404,28.622574,77.213968
14664,28.622966,77.214076
39782,28.623097,77.212567
55294,28.623097,77.212567
37722,28.623366,77.201248
17622,28.623556,77.214532
35273,28.623670,77.217586
32398,28.624788,77.219139
130364,28.625410,77.202197
30489,28.625709,77.200634
14988,28.626334,77.215915
21186,28.626339,77.209050
24778,28.626583,77.209063
36495,28.626583,77.209063
111961,28.626594,77.219301
12208,28.627817,77.218959
12232,28.627817,77.218959
12873,28.627817,77.218959
12876,28.627817,77.218959
13143,28.627817,77.218959
13932,28.627817,77.218959
25443,28.627817,77.218959
26180,28.627817,77.218959
12675,28.627917,77.212492
13372,28.627917,77.212492
27670,28.628179,77.213441
14506,28.628895,77.218701
123739,28.629036,77.217820
35401,28.629079,77.218764
62516,28.629079,77.218764
130377,28.629079,77.218764
35747,28.629268,77.207655
20338,28.629328,77.214569
20339,28.629328,77.214569
26865,28.629406,77.218822
26772,28.629702,77.219673
27764,28.630009,77.214929
124761,28.630036,77.214931
53973,28.630044,77.219524
12035,28.630410,77.216085
12082,28.630410,77.216085
12146,28.630410,77.216085
12180,28.630410,77.216085
12251,28.630410,77.216085
12405,28.630410,77.216085
12593,28.630410,77.216085
12638,28.630410,77.216085
12887,28.630410,77.216085
12937,28.630410,77.216085
13150,28.630410,77.216085
13173,28.630410,77.216085
13178,28.630410,77.216085
13202,28.630410,77.216085
13232,28.630410,77.216085
13272,28.630410,77.216085
13334,28.630410,77.216085
13672,28.630410,77.216085
13708,28.630410,77.216085
13715,28.630410,77.216085
13862,28.630410,77.216085
13879,28.630410,77.216085
13955,28.630410,77.216085
13976,28.630410,77.216085
13983,28.630410,77.216085
14016,28.630410,77.216085
14249,28.630410,77.216085
14286,28.630410,77.216085
14296,28.630410,77.216085
14323,28.630410,77.216085
14336,28.630410,77.216085
14352,28.630410,77.216085
14354,28.630410,77.216085
14378,28.630410,77.216085
14411,28.630410,77.216085
14465,28.630410,77.216085
14647,28.630410,77.216085
14674,28.630410,77.216085
23665,28.630420,77.217722
24677,28.630420,77.217722
24782,28.630420,77.217722
28222,28.630420,77.217722
29087,28.630420,77.217722
29145,28.630420,77.217722
30200,28.630420,77.217722
30609,28.630420,77.217722
30626,28.630420,77.217722
32195,28.630420,77.217722
32889,28.630420,77.217722
33417,28.630420,77.217722
34130,28.630420,77.217722
35044,28.630420,77.217722
35311,28.630420,77.217722
35435,28.630420,77.217722
35785,28.630420,77.217722
36001,28.630420,77.217722
36237,28.630420,77.217722
36242,28.630420,77.217722
36407,28.630420,77.217722
36771,28.630420,77.217722
36884,28.630420,77.217722
36886,28.630420,77.217722
37333,28.630420,77.217722
37486,28.630420,77.217722
38230,28.630420,77.217722
38648,28.630420,77.217722
38755,28.630420,77.217722
38756,28.630420,77.217722
38762,28.630420,77.217722
38968,28.630420,77.217722
39263,28.630420,77.217722
39368,28.630420,77.217722
39438,28.630420,77.217722
39463,28.630420,77.217722
39511,28.630420,77.217722
39566,28.630420,77.217722
40627,28.630420,77.217722
41062,28.630420,77.217722
41087,28.630420,77.217722
41138,28.630420,77.217722
41486,28.630420,77.217722
41487,28.630420,77.217722
41725,28.630420,77.217722
42302,28.630420,77.217722
46689,28.630420,77.217722
47676,28.630420,77.217722
47680,28.630420,77.217722
47938,28.630420,77.217722
47945,28.630420,77.217722
48729,28.630420,77.217722
49508,28.630420,77.217722
51698,28.630420,77.217722
52460,28.630420,77.217722
52496,28.630420,77.217722
53539,28.630420,77.217722
53737,28.630420,77.217722
53904,28.630420,77.217722
54440,28.630420,77.217722
54527,28.630420,77.217722
54917,28.630420,77.217722
55021,28.630420,77.217722
55119,28.630420,77.217722
55120,28.630420,77.217722
55344,28.630420,77.217722
124711,28.630420,77.217722
125165,28.630420,77.217722
125305,28.630420,77.217722
125539,28.630420,77.217722
16528,28.630516,77.219249
54324,28.630522,77.219632
45850,28.630566,77.215113
53452,28.630598,77.212331
14820,28.630839,77.218815
62551,28.630929,77.218572
12538,28.631009,77.218600
13069,28.631009,77.218600
13077,28.631009,77.218600
13279,28.631009,77.218600
14466,28.631009,77.218600
21254,28.631009,77.218600
24459,28.631009,77.218600
30957,28.631009,77.218600
32416,28.631009,77.218600
41673,28.631009,77.218600
45306,28.631341,77.219865
49180,28.631341,77.219865
53011,28.631346,77.219038
15680,28.631451,77.216667
15797,28.631451,77.216667
15814,28.631451,77.216667
15961,28.631451,77.216667
16538,28.631451,77.216667
16632,28.631451,77.216667
16646,28.631451,77.216667
16721,28.631451,77.216667
16732,28.631451,77.216667
16768,28.631451,77.216667
16772,28.631451,77.216667
16776,28.631451,77.216667
20792,28.631451,77.216667
21181,28.631451,77.216667
21324,28.631451,77.216667
21806,28.631451,77.216667
21815,28.631451,77.216667
21851,28.631451,77.216667
21857,28.631451,77.216667
22135,28.631451,77.216667
32762,28.631451,77.216667
44227,28.631451,77.216667
54878,28.631452,77.216669
124616,28.631452,77.216669
53192,28.631518,77.217503
45419,28.631701,77.215705
22131,28.631724,77.217364
27669,28.631757,77.219664
41516,28.631849,77.216913
20887,28.632046,77.219986
20898,28.632046,77.219986
20961,28.632046,77.219986
22096,28.632104,77.218712
22097,28.632104,77.218712
53382,28.632213,77.217771
43253,28.632330,77.216249
42298,28.632535,77.219521
23630,28.632623,77.218441
18854,28.632635,77.218264
46389,28.632637,77.218473
41485,28.632640,77.219707
53203,28.632640,77.219707
16475,28.632643,77.218484
16722,28.632643,77.218484
25120,28.632671,77.219516
27013,28.632671,77.219516
29520,28.632671,77.219516
29523,28.632671,77.219516
40727,28.632671,77.219516
42241,28.632671,77.219516
53202,28.632671,77.219516
12571,28.632679,77.213570
15899,28.632715,77.218026
24461,28.632792,77.219656
25129,28.632792,77.219656
25229,28.632792,77.219656
25327,28.632792,77.219656
25388,28.632792,77.219656
26412,28.632792,77.219656
28013,28.632792,77.219656
28094,28.632792,77.219656
28739,28.632792,77.219656
31931,28.632792,77.219656
32408,28.632792,77.219656
32915,28.632792,77.219656
33158,28.632792,77.219656
33836,28.632792,77.219656
34837,28.632792,77.219656
35364,28.632792,77.219656
39109,28.632792,77.219656
40279,28.632792,77.219656
41472,28.632792,77.219656
45870,28.632792,77.219656
47487,28.632792,77.219656
47489,28.632792,77.219656
48514,28.632792,77.219656
49161,28.632792,77.219656
50982,28.632792,77.219656
53425,28.632792,77.219656
53698,28.632792,77.219656
53857,28.632792,77.219656
55910,28.632792,77.219656
123935,28.632792,77.219656
37031,28.632805,77.214257
12040,28.632824,77.218259
12091,28.632824,77.218259
12188,28.632824,77.218259
13031,28.632824,77.218259
13161,28.632824,77.218259
13518,28.632824,77.218259
13529,28.632824,77.218259
13536,28.632824,77.218259
13574,28.632824,77.218259
13618,28.632824,77.218259
13632,28.632824,77.218259
13836,28.632824,77.218259
13849,28.632824,77.218259
13948,28.632824,77.218259
14050,28.632824,77.218259
21359,28.632842,77.219562
21316,28.632861,77.219530
21327,28.632861,77.219530
21740,28.632862,77.219542
21750,28.632862,77.219542
21810,28.632862,77.219542
21839,28.632862,77.219542
21840,28.632862,77.219542
21844,28.632862,77.219542
21863,28.632862,77.219542
22056,28.632862,77.219542
22095,28.632862,77.219542
22103,28.632862,77.219542
22104,28.632862,77.219542
21312,28.632862,77.219548
20980,28.632880,77.218436
21347,28.632880,77.218436
21818,28.632880,77.218436
13901,28.632895,77.219555
14968,28.632895,77.219555
15309,28.632895,77.219555
15476,28.632895,77.219555
15505,28.632895,77.219555
15555,28.632895,77.219555
21330,28.632899,77.219508
12110,28.632903,77.219678
12144,28.632903,77.219678
12223,28.632903,77.219678
12461,28.632903,77.219678
12508,28.632903,77.219678
12512,28.632903,77.219678
12517,28.632903,77.219678
12530,28.632903,77.219678
12531,28.632903,77.219678
12570,28.632903,77.219678
12589,28.632903,77.219678
12910,28.632903,77.219678
13180,28.632903,77.219678
13690,28.632903,77.219678
14008,28.632903,77.219678
14038,28.632903,77.219678
14106,28.632903,77.219678
14298,28.632903,77.219678
14299,28.632903,77.219678
14384,28.632903,77.219678
15563,28.632903,77.219678
15640,28.632903,77.219678
15748,28.632903,77.219678
15810,28.632903,77.219678
15681,28.632914,77.219619
21351,28.632936,77.219680
42651,28.632954,77.219372
23858,28.632957,77.219385
23859,28.632957,77.219385
25696,28.632957,77.219385
31918,28.632957,77.219385
37201,28.632957,77.219385
53199,28.632957,77.219385
53734,28.632957,77.219385
53966,28.632957,77.219385
54687,28.632957,77.219385
54721,28.632957,77.219385
54913,28.632957,77.219385
54968,28.632957,77.219385
55189,28.632957,77.219385
55351,28.632957,77.219385
55391,28.632957,77.219385
55568,28.632957,77.219385
55928,28.632957,77.219385
55979,28.632957,77.219385
62521,28.632957,77.219385
53156,28.632960,77.219342
25395,28.632961,77.218499
22088,28.632976,77.219433
124241,28.632985,77.219372
124376,28.632985,77.219372
124544,28.632985,77.219372
124635,28.632985,77.219372
124818,28.632985,77.219372
125299,28.632985,77.219372
125540,28.632985,77.219372
138529,28.632985,77.219372
138771,28.632985,77.219372
141265,28.632985,77.219372
22865,28.632986,77.219374
24489,28.632986,77.219374
25270,28.632986,77.219374
30132,28.632986,77.219374
33752,28.632986,77.219374
34891,28.632986,77.219374
37589,28.632986,77.219374
38475,28.632986,77.219374
39088,28.632986,77.219374
39934,28.632986,77.219374
40152,28.632986,77.219374
41882,28.632986,77.219374
41978,28.632986,77.219374
45250,28.632986,77.219374
46853,28.632986,77.219374
47347,28.632986,77.219374
55450,28.632986,77.219374
149502,28.632986,77.219374
20380,28.632993,77.218264
124145,28.632996,77.219478
124375,28.632996,77.219478
42938,28.633001,77.219400
55543,28.633021,77.219911
55898,28.633021,77.219911
21831,28.633090,77.217882
21832,28.633090,77.217882
20930,28.633123,77.219725
20929,28.633181,77.219573
27862,28.633207,77.205377
49208,28.633209,77.217949
12663,28.633285,77.217941
12665,28.633285,77.217941
12668,28.633285,77.217941
12669,28.633285,77.217941
12692,28.633285,77.217941
136998,28.633352,77.218622
40832,28.633567,77.207767
20904,28.633680,77.218673
48458,28.633698,77.205601
124262,28.633698,77.205601
15806,28.633771,77.218791
15807,28.633771,77.218791
15809,28.633771,77.218791
15877,28.633771,77.218791
15944,28.633771,77.218791
15950,28.633771,77.218791
15958,28.633771,77.218791
16100,28.633771,77.218791
16474,28.633771,77.218791
16476,28.633771,77.218791
16535,28.633771,77.218791
16638,28.633771,77.218791
16642,28.633771,77.218791
16682,28.633771,77.218791
16707,28.633771,77.218791
16712,28.633771,77.218791
16713,28.633771,77.218791
16715,28.633771,77.218791
16717,28.633771,77.218791
16723,28.633771,77.218791
20479,28.633787,77.217397
20903,28.633823,77.218985
30543,28.633839,77.219228
27864,28.633868,77.205313
124649,28.633868,77.205313
16725,28.634007,77.200475
128331,28.634071,77.219016
46105,28.634170,77.219200
17631,28.634173,77.200480
37368,28.634208,77.212568
30580,28.634258,77.219206
37068,28.634258,77.219206
124538,28.634304,77.219163
54030,28.634375,77.219267
20363,28.634652,77.205068
54294,28.634702,77.217753
32781,28.635002,77.202251
13542,28.635046,77.204587
13735,28.635046,77.204587
29703,28.635599,77.206017
32784,28.635742,77.203555
125060,28.636118,77.210508
125315,28.636118,77.210508
32902,28.636505,77.203351
32777,28.637104,77.208905
127605,28.637271,77.211354
124760,28.638534,77.207967
25659,28.639140,77.208935
33296,28.639187,77.208642
33650,28.639187,77.208642
21735,28.639225,77.208442
50688,28.639248,77.211055
17639,28.639268,77.208450
17651,28.639268,77.208450
17652,28.639268,77.208450
17656,28.639268,77.208450
17658,28.639268,77.208450
17665,28.639268,77.208450
17684,28.639268,77.208450
17697,28.639268,77.208450
17713,28.639268,77.208450
17732,28.639268,77.208450
17747,28.639268,77.208450
17758,28.639268,77.208450
17766,28.639268,77.208450
17767,28.639268,77.208450
17785,28.639268,77.208450
17793,28.639268,77.208450
17799,28.639268,77.208450
17801,28.639268,77.208450
17817,28.639268,77.208450
17823,28.639268,77.208450
17838,28.639268,77.208450
17839,28.639268,77.208450
17844,28.639268,77.208450
17845,28.639268,77.208450
17848,28.639268,77.208450
17859,28.639268,77.208450
17867,28.639268,77.208450
17868,28.639268,77.208450
17876,28.639268,77.208450
17889,28.639268,77.208450
17897,28.639268,77.208450
17903,28.639268,77.208450
17905,28.639268,77.208450
17906,28.639268,77.208450
17914,28.639268,77.208450
22101,28.639268,77.208450
16775,28.639285,77.218959
15134,28.622242,77.239438
16672,28.622242,77.239438
124676,28.622384,77.239545
14295,28.623539,77.238001
25698,28.625052,77.234044
20895,28.625321,77.234305
25420,28.625445,77.233733
27222,28.625445,77.233733
30862,28.625445,77.233733
35889,28.625445,77.233733
40674,28.625445,77.233733
41576,28.625445,77.233733
62539,28.625510,77.234229
111835,28.625510,77.234229
111838,28.625510,77.234229
113274,28.625510,77.234229
125188,28.625705,77.233745
13084,28.625721,77.234224
13267,28.625721,77.234224
53890,28.625820,77.234296
26916,28.625899,77.234296
47670,28.625971,77.233602
39098,28.626048,77.225033
34802,28.626130,77.232014
41983,28.626130,77.232014
32260,28.626294,77.236451
43356,28.626469,77.231714
51757,28.626832,77.220846
14951,28.626852,77.232085
14952,28.626852,77.232085
46124,28.626879,77.220833
20798,28.628372,77.228812
25305,28.628632,77.226989
33284,28.628632,77.226989
55993,28.628656,77.233281
13088,28.628698,77.226885
14566,28.628698,77.226885
21830,28.628811,77.233230
55222,28.629274,77.226218
125997,28.629402,77.231924
45248,28.629699,77.225248
28297,28.629966,77.220353
42972,28.630209,77.220199
53451,28.630232,77.220459
17246,28.630416,77.225738
33289,28.630617,77.230468
33903,28.630682,77.223260
54331,28.631054,77.220715
43678,28.631320,77.227551
34614,28.631403,77.227417
45877,28.631403,77.227417
24972,28.631571,77.220091
24976,28.631571,77.220091
25321,28.631571,77.220091
25657,28.631571,77.220091
25667,28.631571,77.220091
26442,28.631571,77.220091
27866,28.631571,77.220091
29746,28.631571,77.220091
34735,28.631571,77.220091
34878,28.631571,77.220091
34881,28.631571,77.220091
38889,28.631571,77.220091
39766,28.631571,77.220091
43220,28.631571,77.220091
49416,28.631571,77.220091
17592,28.631578,77.220105
17632,28.631578,77.220105
21331,28.631624,77.221736
21332,28.631624,77.221736
35949,28.631927,77.222056
53064,28.632177,77.220074
15896,28.632244,77.220724
15935,28.632244,77.220724
15942,28.632244,77.220724
15956,28.632244,77.220724
15960,28.632244,77.220724
26377,28.632426,77.222281
30405,28.632584,77.222979
33028,28.632584,77.222979
40071,28.632584,77.222979
40887,28.632584,77.222979
40970,28.632584,77.222979
62534,28.632899,77.232792
26129,28.633129,77.222734
16618,28.633506,77.220837
21739,28.633728,77.220754
21187,28.633749,77.220980
30496,28.634081,77.221345
34985,28.634115,77.221198
51828,28.634149,77.223386
16647,28.634209,77.220217
12050,28.634374,77.227582
12051,28.634374,77.227582
12052,28.634374,77.227582
12055,28.634374,77.227582
12056,28.634374,77.227582
12075,28.634374,77.227582
12114,28.634374,77.227582
12125,28.634374,77.227582
13393,28.634374,77.227582
13406,28.634374,77.227582
13407,28.634374,77.227582
36741,28.634533,77.220358
20849,28.634652,77.238026
15139,28.634764,77.226315
43279,28.635270,77.220637
11859,28.635308,77.224960
11954,28.635308,77.224960
11989,28.635308,77.224960
12084,28.635308,77.224960
12089,28.635308,77.224960
12096,28.635308,77.224960
12104,28.635308,77.224960
12195,28.635308,77.224960
12196,28.635308,77.224960
12212,28.635308,77.224960
12213,28.635308,77.224960
12214,28.635308,77.224960
12215,28.635308,77.224960
12217,28.635308,77.224960
12218,28.635308,77.224960
12221,28.635308,77.224960
12235,28.635308,77.224960
12236,28.635308,77.224960
12252,28.635308,77.224960
12253,28.635308,77.224960
12255,28.635308,77.224960
12259,28.635308,77.224960
12261,28.635308,77.224960
12263,28.635308,77.224960
12273,28.635308,77.224960
12274,28.635308,77.224960
12275,28.635308,77.224960
12277,28.635308,77.224960
12278,28.635308,77.224960
12280,28.635308,77.224960
12295,28.635308,77.224960
12301,28.635308,77.224960
12308,28.635308,77.224960
12309,28.635308,77.224960
12313,28.635308,77.224960
12314,28.635308,77.224960
12323,28.635308,77.224960
12328,28.635308,77.224960
12338,28.635308,77.224960
12339,28.635308,77.224960
12351,28.635308,77.224960
12354,28.635308,77.224960
12382,28.635308,77.224960
12396,28.635308,77.224960
12398,28.635308,77.224960
12418,28.635308,77.224960
12420,28.635308,77.224960
12423,28.635308,77.224960
12428,28.635308,77.224960
12430,28.635308,77.224960
12432,28.635308,77.224960
12433,28.635308,77.224960
12434,28.635308,77.224960
12435,28.635308,77.224960
12437,28.635308,77.224960
12438,28.635308,77.224960
12441,28.635308,77.224960
12442,28.635308,77.224960
12443,28.635308,77.224960
12449,28.635308,77.224960
12451,28.635308,77.224960
12476,28.635308,77.224960
12479,28.635308,77.224960
12480,28.635308,77.224960
12481,28.635308,77.224960
12484,28.635308,77.224960
12486,28.635308,77.224960
12543,28.635308,77.224960
12559,28.635308,77.224960
12566,28.635308,77.224960
12582,28.635308,77.224960
12598,28.635308,77.224960
12616,28.635308,77.224960
12621,28.635308,77.224960
12626,28.635308,77.224960
12628,28.635308,77.224960
12643,28.635308,77.224960
12644,28.635308,77.224960
12651,28.635308,77.224960
12686,28.635308,77.224960
12708,28.635308,77.224960
12734,28.635308,77.224960
12746,28.635308,77.224960
12753,28.635308,77.224960
12758,28.635308,77.224960
12761,28.635308,77.224960
12763,28.635308,77.224960
12767,28.635308,77.224960
12771,28.635308,77.224960
12773,28.635308,77.224960
12779,28.635308,77.224960
12787,28.635308,77.224960
12788,28.635308,77.224960
12789,28.635308,77.224960
12791,28.635308,77.224960
12793,28.635308,77.224960
12797,28.635308,77.224960
12844,28.635308,77.224960
12846,28.635308,77.224960
12847,28.635308,77.224960
12877,28.635308,77.224960
12878,28.635308,77.224960
12893,28.635308,77.224960
12894,28.635308,77.224960
12898,28.635308,77.224960
12899,28.635308,77.224960
12902,28.635308,77.224960
12915,28.635308,77.224960
12943,28.635308,77.224960
12944,28.635308,77.224960
12946,28.635308,77.224960
12947,28.635308,77.224960
12953,28.635308,77.224960
12959,28.635308,77.224960
12962,28.635308,77.224960
12965,28.635308,77.224960
13029,28.635308,77.224960
13091,28.635308,77.224960
13092,28.635308,77.224960
13097,28.635308,77.224960
13100,28.635308,77.224960
13102,28.635308,77.224960
13104,28.635308,77.224960
13114,28.635308,77.224960
13116,28.635308,77.224960
13120,28.635308,77.224960
13123,28.635308,77.224960
13125,28.635308,77.224960
13130,28.635308,77.224960
13133,28.635308,77.224960
13142,28.635308,77.224960
13149,28.635308,77.224960
13158,28.635308,77.224960
13160,28.635308,77.224960
13169,28.635308,77.224960
13172,28.635308,77.224960
13183,28.635308,77.224960
13184,28.635308,77.224960
13216,28.635308,77.224960
13274,28.635308,77.224960
13275,28.635308,77.224960
13309,28.635308,77.224960
13310,28.635308,77.224960
13312,28.635308,77.224960
13327,28.635308,77.224960
13329,28.635308,77.224960
13330,28.635308,77.224960
13331,28.635308,77.224960
13445,28.635308,77.224960
13459,28.635308,77.224960
13463,28.635308,77.224960
13466,28.635308,77.224960
13470,28.635308,77.224960
13527,28.635308,77.224960
13557,28.635308,77.224960
13586,28.635308,77.224960
13606,28.635308,77.224960
13623,28.635308,77.224960
13624,28.635308,77.224960
13631,28.635308,77.224960
13663,28.635308,77.224960
13680,28.635308,77.224960
13684,28.635308,77.224960
13685,28.635308,77.224960
13738,28.635308,77.224960
13754,28.635308,77.224960
13756,28.635308,77.224960
13758,28.635308,77.224960
13760,28.635308,77.224960
13822,28.635308,77.224960
13832,28.635308,77.224960
13833,28.635308,77.224960
13846,28.635308,77.224960
13847,28.635308,77.224960
13858,28.635308,77.224960
13871,28.635308,77.224960
13896,28.635308,77.224960
13900,28.635308,77.224960
13924,28.635308,77.224960
13931,28.635308,77.224960
13937,28.635308,77.224960
13969,28.635308,77.224960
13970,28.635308,77.224960
13971,28.635308,77.224960
13977,28.635308,77.224960
13979,28.635308,77.224960
13980,28.635308,77.224960
13982,28.635308,77.224960
13984,28.635308,77.224960
13985,28.635308,77.224960
13986,28.635308,77.224960
13987,28.635308,77.224960
13996,28.635308,77.224960
14029,28.635308,77.224960
14031,28.635308,77.224960
14032,28.635308,77.224960
14034,28.635308,77.224960
14045,28.635308,77.224960
14047,28.635308,77.224960
14145,28.635308,77.224960
14160,28.635308,77.224960
14184,28.635308,77.224960
14188,28.635308,77.224960
14189,28.635308,77.224960
14190,28.635308,77.224960
14303,28.635308,77.224960
14340,28.635308,77.224960
14341,28.635308,77.224960
14342,28.635308,77.224960
14346,28.635308,77.224960
14348,28.635308,77.224960
14356,28.635308,77.224960
14357,28.635308,77.224960
14358,28.635308,77.224960
14359,28.635308,77.224960
14360,28.635308,77.224960
14361,28.635308,77.224960
14362,28.635308,77.224960
14365,28.635308,77.224960
14366,28.635308,77.224960
14368,28.635308,77.224960
14369,28.635308,77.224960
14371,28.635308,77.224960
14372,28.635308,77.224960
14373,28.635308,77.224960
14388,28.635308,77.224960
14391,28.635308,77.224960
14392,28.635308,77.224960
14393,28.635308,77.224960
14395,28.635308,77.224960
14397,28.635308,77.224960
14398,28.635308,77.224960
14400,28.635308,77.224960
14402,28.635308,77.224960
14406,28.635308,77.224960
14409,28.635308,77.224960
14413,28.635308,77.224960
14415,28.635308,77.224960
14447,28.635308,77.224960
14452,28.635308,77.224960
14453,28.635308,77.224960
14454,28.635308,77.224960
14455,28.635308,77.224960
14462,28.635308,77.224960
14463,28.635308,77.224960
14464,28.635308,77.224960
14469,28.635308,77.224960
14471,28.635308,77.224960
14473,28.635308,77.224960
14474,28.635308,77.224960
14475,28.635308,77.224960
14478,28.635308,77.224960
14480,28.635308,77.224960
14482,28.635308,77.224960
14483,28.635308,77.224960
14493,28.635308,77.224960
14496,28.635308,77.224960
14501,28.635308,77.224960
14507,28.635308,77.224960
14508,28.635308,77.224960
14510,28.635308,77.224960
14513,28.635308,77.224960
14521,28.635308,77.224960
14525,28.635308,77.224960
14529,28.635308,77.224960
14530,28.635308,77.224960
14532,28.635308,77.224960
14534,28.635308,77.224960
14538,28.635308,77.224960
14539,28.635308,77.224960
14540,28.635308,77.224960
14541,28.635308,77.224960
14543,28.635308,77.224960
14544,28.635308,77.224960
14571,28.635308,77.224960
14581,28.635308,77.224960
14587,28.635308,77.224960
14589,28.635308,77.224960
14591,28.635308,77.224960
14596,28.635308,77.224960
14601,28.635308,77.224960
14602,28.635308,77.224960
14605,28.635308,77.224960
14619,28.635308,77.224960
14627,28.635308,77.224960
14631,28.635308,77.224960
14633,28.635308,77.224960
14638,28.635308,77.224960
14642,28.635308,77.224960
14643,28.635308,77.224960
14648,28.635308,77.224960
14649,28.635308,77.224960
14652,28.635308,77.224960
14654,28.635308,77.224960
14670,28.635308,77.224960
14671,28.635308,77.224960
14675,28.635308,77.224960
14680,28.635308,77.224960
14683,28.635308,77.224960
14961,28.635308,77.224960
14966,28.635308,77.224960
14972,28.635308,77.224960
15130,28.635308,77.224960
15132,28.635308,77.224960
15133,28.635308,77.224960
15140,28.635308,77.224960
15144,28.635308,77.224960
15149,28.635308,77.224960
15151,28.635308,77.224960
15313,28.635308,77.224960
15315,28.635308,77.224960
15316,28.635308,77.224960
15317,28.635308,77.224960
15322,28.635308,77.224960
15323,28.635308,77.224960
15325,28.635308,77.224960
15326,28.635308,77.224960
15330,28.635308,77.224960
15340,28.635308,77.224960
15352,28.635308,77.224960
15407,28.635308,77.224960
15469,28.635308,77.224960
15565,28.635308,77.224960
15567,28.635308,77.224960
15569,28.635308,77.224960
15572,28.635308,77.224960
15624,28.635308,77.224960
15625,28.635308,77.224960
15642,28.635308,77.224960
15649,28.635308,77.224960
15654,28.635308,77.224960
15674,28.635308,77.224960
15678,28.635308,77.224960
37032,28.636911,77.224343
13765,28.637839,77.230097
122616,28.637857,77.238109
122823,28.637857,77.238109
122970,28.637857,77.238109
122822,28.638875,77.238221
122949,28.638875,77.238221
13462,28.639087,77.224426
26016,28.639315,77.229600
22062,28.639541,77.230457
40732,28.639950,77.229480
